trend,linearity,entropy,x_acf1,type
2.368532998175965e-6,-0.14782226551578342,0.8419114112162142,-0.5813334275003617,birdsongs
0.18675979736524906,0.7449866809538659,0.7812651407943008,0.858698781839001,birdsongs
0.01666029311021311,-0.17884828350469006,0.6921503826278579,0.9262231483870713,birdsongs
1.1806995599217274e-5,-0.20749304583287775,0.9718825998757411,0.11062045199579341,birdsongs
0.004130881343653248,-2.9814597027584715,0.7851232482865382,0.4494737911267583,birdsongs
1.761994073257167e-5,-0.16484903426360842,0.9606127945634995,-0.14814205866185107,birdsongs
6.283918263516597e-8,0.02056589405240161,0.8078248951319406,-0.12806165668916106,birdsongs
0.004334354530537876,-0.06150741546987164,0.8240711825733709,0.7519744906144108,birdsongs
4.3996618993569214e-6,-0.07346217692040882,0.9101254438321379,-0.14826836513314678,birdsongs
2.603551458337794e-4,-0.28909224537610617,0.7574701937882337,0.9713392510509954,birdsongs
0.11645397530404056,1.9364525360074338,0.5713289761580908,0.9883472413285389,birdsongs
0,0.12741770009701897,0.5946699970851101,0.4380357591860142,birdsongs
9.452762166906048e-6,-0.10492455278720135,0.8372402757144455,-0.7434792403367949,birdsongs
2.1112979353699046e-7,-0.004543154521308989,0.9159632879809363,-0.59268232031422,birdsongs
1.5142238726117974e-5,-0.14162065473162347,0.8540129024134646,0.8847928324092995,birdsongs
2.2238540432262255e-5,-0.12195944959798836,0.8933000656395006,0.6949777327134149,birdsongs
0,-0.06883453020485973,0.7743543340085635,0.8690389224478141,birdsongs
0,0.015620133927060695,0.7966871304406752,0.331412342889734,birdsongs
0.002319255123118258,0.47477214830005043,0.7578061057852391,0.9755642654628072,birdsongs
6.01877223616043e-7,0.032239343869034216,0.7076336356093568,0.7558256424158152,birdsongs
2.3059557319182744e-7,0.03347396623144725,0.8883874673987826,-0.6084116547259016,birdsongs
5.1940912687675755e-5,-0.3559072369702676,0.8853594018724672,0.7234511224982371,birdsongs
3.039333277082834e-4,-0.22605653114716173,0.7970198017958339,0.27864534589696094,birdsongs
3.525317882058232e-8,0.014125159721841963,0.8174897178322977,-0.8938745424126103,birdsongs
2.0630002550703352e-7,0.009015898321132244,0.8047726526533825,0.3465152714195527,birdsongs
0,-0.09020841059341865,0.720467223612581,0.9542594386227706,birdsongs
4.4448665515628427e-4,-0.025935752494258644,0.966299487216821,0.2034152369012923,birdsongs
3.519752811431687e-8,0.00791711312804572,0.6561625018288275,-0.3948268378067252,birdsongs
3.5972516865467874e-4,0.6670977910318868,0.9068310877878445,0.5442641707574538,birdsongs
0,0.043246470880333156,0.9657079395116147,0.41024673585588944,birdsongs
1.0013005276032771e-6,0.010540017392649242,0.9483543554998479,-0.5377450056079325,birdsongs
1.3691979007846022e-4,0.22212044540749531,0.6404972081621209,0.9508164660008469,birdsongs
1.1872341372010098e-5,-0.1703497338674768,0.9578994963619525,-0.037836228987370706,birdsongs
8.907296520255237e-6,0.0596408171989392,0.7005303678164858,0.3655985517173787,birdsongs
0,0.13489483401621613,0.9772028942378809,0.07723999448467388,birdsongs
1.8273401602542094e-5,0.2651150219455328,0.9371961111532443,0.568508790229036,birdsongs
1.1966120046946749e-5,-0.10224616066396466,0.9229421065473076,0.23010336007929172,birdsongs
2.2548052902582327e-6,0.10221047252176522,0.8244879456813389,0.22325258960814476,birdsongs
9.047954641072664e-8,0.0031064622698641197,0.6941549815847776,-0.4248981121035765,birdsongs
1.9589658806218324e-7,-0.02576957356161413,0.9692694394902112,-0.11447771127562618,birdsongs
4.4340881769633356e-6,-0.10283317421485265,0.8460686390867217,0.6943195908551898,birdsongs
0.01705217014635496,-1.192459310009413,0.8901734375312779,-0.28446971487037453,birdsongs
0.042463953373999885,0.027056396650712442,0.6765996829693972,0.9524671782816397,birdsongs
0,-0.11092306972392346,0.7811869670240199,0.33002377452996573,birdsongs
5.731484498117112e-7,0.18893447217819548,0.8490112863611422,0.39952851039615345,birdsongs
1.9619048380992155e-5,0.05068946123553976,0.8684808512665189,-0.5120356635577862,birdsongs
4.2374696296310077e-7,0.04725414285924769,0.9411424235445415,-0.0686813670407248,birdsongs
0.0016208990379176225,0.2051370811655086,0.8568753690637166,0.8866737665701853,birdsongs
0,0.04291241218206483,0.8313310714287822,-0.5666199230992396,birdsongs
4.040660314785782e-6,0.006673636002439433,0.9711730300654187,-0.054755341623093326,birdsongs
0.0022578804255686258,0.3719988689268803,0.6262601903700713,0.9485890274396063,birdsongs
5.148219902606499e-6,0.15638931833835917,0.9199748768046574,0.6596979504004402,birdsongs
2.231940231411933e-6,0.13394017003208453,0.9591958711727617,0.32001058202147625,birdsongs
1.432421816827123e-6,-0.08768211587968812,0.9468620992318293,-0.0031676158758602315,birdsongs
0.0011304001767291627,0.47762031197561705,0.9353760357308113,0.38732750660499826,birdsongs
0,0.020129219541976755,0.8487277114762969,-0.41160576109330194,birdsongs
0.006025111916645343,0.062250933266878944,0.9647447134211261,-0.05697437093187221,birdsongs
9.637238762461031e-6,0.24406633403184347,0.9676823735848114,-0.3304541661808926,birdsongs
1.842528707385327e-6,0.11362320476923708,0.844068280146752,-0.4617247018111911,birdsongs
0.001692898399438425,0.2613547693241395,0.862261160157742,0.6785767464925508,birdsongs
3.9754924999968466e-5,0.0584835148126847,0.9835910326030121,0.09214397106627595,birdsongs
0,0.04544660976089402,0.8893980439300785,-0.45147898249387824,birdsongs
1.5658776315596867e-6,0.059250724518159194,0.9623625264616369,0.12983124030482035,birdsongs
9.110245722691035e-4,0.005637377523076105,0.6095808576095499,0.6777758717783214,birdsongs
1.0185929161243834e-6,-0.07073965746135637,0.9309114701532215,-0.28681761554232477,birdsongs
0,-0.020606240156806347,0.944442443375937,0.016182488514163984,birdsongs
5.196938747120683e-7,-0.043318101669682946,0.9432183711127974,-0.28059123057713636,birdsongs
1.6524953279084542e-6,0.044492308377917095,0.9674967288414222,-0.20219520148038214,birdsongs
0,-0.2420767355858767,0.7015942543915005,0.9709792759342754,birdsongs
0.004285191532607979,0.5073380890462362,0.29895936861435185,0.8869910140537787,birdsongs
2.1365385449723107e-7,0.022684868339263475,0.8960253503213556,-0.7831227233871773,birdsongs
0,0.034440635983165546,0.848619891571696,-0.6719438742332579,birdsongs
0,-0.0035250345066713384,0.7938063290192549,-0.11717872676626977,birdsongs
0.0015848648498753004,-0.1478311746966438,0.8867134707215144,0.6416003549038607,birdsongs
1.65727372969382e-6,-0.06791736015156792,0.8536161585655815,0.8638007191399586,birdsongs
3.0679980924985806e-5,0.2249261348512309,0.7221742338529789,0.9671723502394971,birdsongs
1.0964184200545901e-5,0.054458126207115945,0.8579276881470083,-0.26768178787798047,birdsongs
2.996400128940646e-5,-0.07548749615675873,0.6675906785370848,0.045742712822245075,birdsongs
5.7493566352206926e-8,0.010943946910398293,0.770854186259563,-0.373206450984928,birdsongs
1.351235341128243e-4,0.33583367551514054,0.9682436736306473,0.346842351072761,birdsongs
5.492153649244713e-4,0.2272690702320905,0.6240301357561796,0.5342819551985296,birdsongs
7.857964922419747e-6,0.036052215004747416,0.9545222883247116,0.4236121081992592,birdsongs
2.1208679951778553e-4,0.001368788469658931,0.874361338367496,0.7234601926270267,birdsongs
8.51072357033189e-9,-0.014980049730346199,0.9290638338460917,-0.2131225831004044,birdsongs
1.328844938419671e-6,-0.04722354068909028,0.9217193723622286,-0.6797187582430666,birdsongs
7.208433281629123e-4,-0.23069183757073197,0.7707003889078229,0.8781004204367006,birdsongs
2.2453127956900687e-7,0.03185194791631396,0.8853277776918352,0.01123449482997577,birdsongs
2.4165430154710066e-6,-0.055955006818640456,0.9668970768504046,-0.24151920845325495,birdsongs
2.5563010817242215e-5,-0.5598408716209179,0.5746198748188758,0.5405535378960261,birdsongs
1.356824079756791e-7,0.009815733207921867,0.8514690981316626,-0.26897922728682394,birdsongs
1.1272956412788915e-7,0.021609275093060556,0.8901906685197387,-0.49563514166173495,birdsongs
9.594514789323938e-7,0.06664216389646291,0.8893380105313279,-0.8290006392982875,birdsongs
4.588092115120901e-7,-0.13175745912395023,0.862631319535659,0.7873379828000986,birdsongs
2.1242362929163594e-4,0.3983829124532348,0.8361454714368893,-0.7600846576858816,birdsongs
6.197075463898472e-8,-0.0027975963261961897,0.7996601604621312,-0.727193360802404,birdsongs
1.219570471167053e-6,0.046477129909629815,0.917190376852263,-0.18156758868172418,birdsongs
5.881857168077431e-5,-0.2043703154720763,0.8066580534527459,0.9552903578510367,birdsongs
0,0.056235233698504535,0.8001345468839295,0.29237698144936225,birdsongs
5.247083392165841e-4,-0.04457084173970351,0.7368469917583943,0.9601656012178904,birdsongs
0.001135318080378478,-0.11157417021470929,0.7176370020218211,0.9780941271918567,birdsongs
4.03694445068159e-4,-0.01826826744488854,0.9065512640785071,0.5646585137799197,birdsongs
2.019509859341184e-6,0.00814117577071575,0.9263237256431477,0.5108710037293339,birdsongs
0,0.27243194180148417,0.6425487202451025,0.6581472062419893,birdsongs
2.0588239287522292e-5,-0.02088376054099276,0.7966495243928217,-0.6875830426593776,birdsongs
0.0038718495294107758,-0.09354931912833063,0.2935031026060572,0.9122623073159053,birdsongs
0,0.02599807473253995,0.8696596338849825,-0.4983903822087019,birdsongs
1.510454335051925e-6,0.06120661904665974,0.8830985310600638,0.3098163225798042,birdsongs
6.588694840825582e-7,0.02808675459396958,0.931474206615309,-0.20071525223707878,birdsongs
4.2570312418721556e-5,-0.22308304920024666,0.9258759142689733,0.5453084309240935,birdsongs
5.4664509568813635e-5,0.4844808044354193,0.938694203644257,-0.07194417457173673,birdsongs
0,-0.3475676278795105,0.7598308349787867,0.900540483474827,birdsongs
0.1064195908425577,1.7330702838539709,0.8096203266534355,0.3296112493458598,birdsongs
6.497679566275227e-5,0.18935453976919991,0.9968502312476878,0.04777996280512403,birdsongs
1.1310090126115391e-4,-0.04790578903804722,0.8904813771600569,0.8432164282960212,birdsongs
4.627434323611901e-6,-0.06601480997603035,0.9852521331271037,0.2860744682872071,birdsongs
2.1178818405509503e-4,-0.7123195207372569,0.9122178633270291,0.7574635244303095,birdsongs
0.0017558490361447854,-0.09229127816234979,0.8507196792732481,0.8470349590014811,birdsongs
0,0.04604549128691076,0.9389125210362739,0.3145724429089559,birdsongs
2.432021733334011e-6,-0.12138299261757227,0.9825918725321272,-0.03475657380405017,birdsongs
4.047113395522217e-7,-0.044538220418120604,0.7999669750295771,0.7265608121791683,birdsongs
0,0.0038977400511652333,0.8818887482750861,-0.7520368577993126,birdsongs
2.080346177973924e-4,-0.752602097716704,0.6267193717492339,0.9308901311466948,birdsongs
8.9660410207415e-9,-0.0012499447140425426,0.8317153999143923,-0.2300355696981648,birdsongs
6.329136611471498e-7,-0.00859986702325738,0.6947425933156333,0.7031955006864026,birdsongs
0.0036471155609076877,0.38367820683434295,0.8953600563434445,0.4213847225664995,birdsongs
1.923957659855091e-8,-0.005668897436035525,0.9455879292727956,-0.5494367547332157,birdsongs
1.6008826966285028e-6,-0.0880727715519746,0.7097192114803101,0.9372484296826294,birdsongs
9.20130003967401e-7,-0.05005121794566605,0.9239167073864991,-0.07664873495597434,birdsongs
1.0136945875593995e-5,0.13707672338995194,0.8538784998821726,0.7783466016820922,birdsongs
1.2355979381761806e-5,-0.2064954035951727,0.8188714737141007,0.4041111577508713,birdsongs
3.913149895562462e-5,0.13994282382907983,0.9262013566519564,-0.3734727817166149,birdsongs
0,-0.09088659071151205,0.6282318488512018,0.6367097729965668,birdsongs
8.991846779937696e-6,0.16375790553553815,0.9293875462871233,0.45709482254801076,birdsongs
5.889677800053894e-4,-0.0217513122257885,0.7706834944680531,0.9427007910593954,birdsongs
1.3561064804235023e-4,0.39048403614848426,0.8378995691236766,-0.7975150603030942,birdsongs
3.4205124355146665e-7,0.042668228863304826,0.672179671202607,0.5689262782334391,birdsongs
0,-0.5374450886286433,0.6988976094449093,0.8863803955550396,birdsongs
0.0017466408006848733,-0.6372824270873313,0.8731075018891038,0.007287339096292686,birdsongs
0,0.017947872152740924,0.8369685941438593,0.8359798766553781,birdsongs
0.0013744346087640746,3.139006581987699,0.645557941602621,0.9202219698597779,birdsongs
0.001176175018182235,0.2238187582036471,0.7085958434138452,0.876602598353531,birdsongs
5.559372034946719e-7,-0.018878086412687387,0.8407557748990777,-0.5478067793629301,birdsongs
6.586872151159717e-6,-0.24147137101100025,0.8335089431094624,0.7984182113298847,birdsongs
3.8276641297629865e-6,-0.10796343396740882,0.7567280749471801,0.6761900940876057,birdsongs
1.0551450913554028e-5,0.06073131058861392,0.828519206566497,-0.761064572274632,birdsongs
8.390266186264483e-7,-0.09629361687352073,0.9115530010609351,-0.25182847419861754,birdsongs
7.205542159605116e-7,-0.07591913165172756,0.9378493407857083,-0.3101538820107942,birdsongs
1.6081341009943628e-6,-0.018972649422344487,0.8906895129743999,0.46972842134657716,birdsongs
1.2143349914506274e-7,3.6781692839014485e-5,0.8648583119173388,-0.5770068554230776,birdsongs
0,-0.34294267340375617,0.6716006156254278,0.851471250990838,birdsongs
2.5029760563621828e-5,0.1782548930812776,0.9016166439752608,-0.7018002912506865,birdsongs
8.54614302924217e-5,0.03999240258003577,0.9047765639072556,-0.5875988481199802,birdsongs
6.601686273199903e-7,-0.014019134441312801,0.9500114691221282,-0.5790114025680109,birdsongs
4.9916955665141316e-5,-0.045410081597388775,0.7466397493313398,-0.09900687340520363,birdsongs
0.00542575580518978,-2.3037081136978035,0.6633992725730211,0.9815223483678878,birdsongs
0,0.0525148724599812,0.9320859968767935,0.5066084964774468,birdsongs
2.541204525141616e-6,0.0806575643914961,0.9484052142393358,-0.3036576957610654,birdsongs
0,-0.038942824122454076,0.7462798456219063,0.9617431792489155,birdsongs
4.847343030744966e-6,0.0620895743355022,0.7108733148150346,0.7555578316594682,birdsongs
6.255057336435055e-5,-0.012480672312669689,0.9653274690633965,-0.3036125599651562,birdsongs
0,-0.05210646769408575,0.6325751483327106,0.9622358920233417,birdsongs
0,-0.03608053408304075,0.9706161456924977,0.13709695954004997,birdsongs
8.885332831687354e-5,0.41586571884695117,0.7052971862860038,0.9746793756063509,birdsongs
1.720271322114275e-5,0.12124647445517144,0.9155226332334131,0.2989253115149734,birdsongs
7.157192624968056e-4,1.0975943556784393,0.7722540855776105,0.8346280131328763,birdsongs
3.515583409940959e-7,-0.018034640016666662,0.8936022813198312,-0.44684624647007454,birdsongs
0,-0.002031298278944408,0.8717021335448137,-0.7336630952842345,birdsongs
2.417882181982023e-5,0.09997736656026199,0.8704758823826063,0.8184505296996514,birdsongs
1.6946895358582736e-5,0.14490551500817242,0.8408689867854622,-0.6461383632005846,birdsongs
1.7288568114892655e-6,0.09404460634340286,0.8907247875160892,-0.7362322884214633,birdsongs
5.3912163289204784e-8,0.013440223522659524,0.8472189919665621,-0.7230131527091818,birdsongs
0.00433830671490143,0.610876356739423,0.8378243071718524,-0.25963545350900147,birdsongs
0,-0.22597708027200228,0.9869025348774083,0.049753833273510205,birdsongs
1.2126959152425343e-6,-0.047333093637295306,0.9714471382830682,-0.2780447789880626,birdsongs
0,-0.0190807997930029,0.9629803555909024,0.05316631724446619,birdsongs
2.0982107762357316e-7,0.006260814528664524,0.7916811371338257,0.3434846979976907,birdsongs
1.677573277214517e-5,0.1936151689498712,0.9216806677036301,-0.25199582207208654,birdsongs
2.5475991611845217e-6,-0.1224193345770789,0.8155921718271649,-0.6790362309032579,birdsongs
0,-0.21590657772747707,0.797918334245852,0.8379685056540761,birdsongs
2.755574471935418e-7,-0.021689828440273343,0.8898458969198745,0.6045375896969004,birdsongs
9.749763814626e-6,-0.171489411277003,0.7824317856715559,0.5970709716595725,birdsongs
6.712996033075846e-5,-0.3664448507211748,0.9209800264466975,0.49474250619187926,birdsongs
0.0026260472433571325,-0.8240657551767917,0.8944556645981395,-0.5537652901748517,birdsongs
0.001261343062953224,0.22503900343645486,0.8692599170956984,0.7897763423934274,birdsongs
1.6465382634223147e-5,-0.06794142969219605,0.7565046756948609,-0.11359296377780898,birdsongs
0,0.325052477630098,0.6461600802662606,0.9436128558521785,birdsongs
1.7311709884104687e-4,-0.037991205432238336,0.7588171323008273,0.6347770770122677,birdsongs
0,0.031248922016951085,0.873092962423565,-0.6094422756525092,birdsongs
2.2906973002023712e-4,-0.256419921005206,0.8192412901474335,0.23516635615406387,birdsongs
2.2922642539668914e-7,0.024080035097317775,0.9177131949486954,-0.6039678694654094,birdsongs
5.532366144089806e-7,0.02625144706106754,0.9535102444608498,0.3955225813232275,birdsongs
4.4061701953701515e-8,0.00670324915394024,0.7745252504313174,0.36668155729113805,birdsongs
2.610269195557624e-5,0.2516410577921728,0.8277694889891539,0.20633827181552408,birdsongs
0,-0.23718851762310794,0.6281270423855463,0.9828144463524374,birdsongs
2.6757850146719164e-7,-0.016893823368052997,0.969687010665159,-0.31123289412188654,birdsongs
0,0.02145353300548185,0.876097892846799,-0.7708433440224914,birdsongs
1.4068015889323604e-5,-0.01719155899607889,0.9346949458201407,0.46523518656587864,birdsongs
0,-0.05220849238009964,0.8870216357557078,0.713674939700641,birdsongs
0,-0.1601869095971321,0.59098450187651,0.5087509121675629,birdsongs
0,-0.04138069047360091,0.8599165492273407,-0.4548845033758072,birdsongs
3.881963329041005e-4,-0.28311225488948333,0.8849681637736215,0.16447422112212545,birdsongs
2.095073866391628e-4,-0.2244009317455473,0.8835695237193545,-0.02718040453132416,birdsongs
0.002515934178308754,0.5677478220310269,0.7431507860768938,0.8724494242004746,birdsongs
1.601889278302071e-5,-0.2523032511144882,0.9834210692258897,0.2348103464424949,birdsongs
5.306562208984289e-5,-0.18254615326039633,0.8592538932691829,-0.2407461644561615,birdsongs
0,-0.003660496987061419,0.6422057047343533,-0.7275285832138085,birdsongs
0,-0.49827382714708013,0.8025607358654674,0.8932002422330787,birdsongs
1.1314892611746785e-7,-0.007960878156486929,0.9453923664823232,-0.2015788389330483,birdsongs
3.3861563406234474e-5,-5.432537817327791e-4,0.7122026516885017,0.9663285103164134,birdsongs
0.09095423140702463,3.3341763541139806,0.8007541102771509,0.4546154113880276,birdsongs
3.637574167436597e-7,-0.019580862448333503,0.9002541798028425,0.7177816605761103,birdsongs
4.5703022766296897e-7,0.029321400338593664,0.7813894525258298,0.33580335206175477,birdsongs
1.6121826162951436e-7,0.045089683956832084,0.9277763188322621,-0.4764738760801871,birdsongs
6.477230239942955e-7,-0.06977750051069037,0.7162517607017838,-0.3999863871802851,birdsongs
0.001372306800615064,-0.4928041885922771,0.7487212704394289,0.84154248913786045,birdsongs
0,0.1733472218854882,0.8657413983495048,0.3994446905574168,birdsongs
0,0.006114702523978126,0.8845290644773445,0.2848110829542499,birdsongs
1.9204226332503183e-6,0.0032382779618432963,0.739913437108334,0.9282628602854026,birdsongs
0,0.002453542309319215,0.6945758233068838,-0.43493877810315323,birdsongs
3.004815769536151e-7,0.026147275962407946,0.773762776340796,0.32631793624078037,birdsongs
0,-0.032152693579275325,0.8802807462072856,-0.626040151066253,birdsongs
7.140610393496782e-5,0.07790586978527582,0.6421532015241742,0.7918935614358923,birdsongs
8.322231395130331e-7,-0.03535496748897076,0.9200231905538011,0.5895955486055217,birdsongs
1.1932333005004736e-6,-0.02265575608991945,0.904115453022523,-0.7205667414020117,birdsongs
6.706801661926498e-6,-0.23637901553470375,0.955353100386929,-0.45270827531817875,birdsongs
6.319529811267266e-4,0.7037864689091137,0.9381194926984976,0.5812708862361803,birdsongs
1.9372171899023627e-4,0.18685094365761293,0.7691763645254157,0.17845413068504332,birdsongs
5.319787860447178e-6,-0.028879635543399795,0.8362753343847924,-0.5481919235006084,birdsongs
0.018248456632136367,0.2071608686927449,0.682589981510978,0.9462527506880715,birdsongs
0.0012080686963252818,0.17616820269856526,0.8811347916791127,0.5464860765610134,birdsongs
0,-0.41301474430690727,0.8984879639677683,0.6355875081648314,birdsongs
1.601691780317438e-7,-0.0037413395733354136,0.8147282875312323,-0.06984839384237758,birdsongs
7.280411023748989e-4,-0.2390030735436627,0.926323433239027,-0.30263452674212066,birdsongs
0,-0.7681622546586144,0.7385156838236783,0.776815314927931,birdsongs
0,-0.2990742469858947,0.6458451370975377,0.6074159244833036,birdsongs
8.878942173717874e-7,-0.027473985609181403,0.8567799481231279,-0.672947166259688,birdsongs
2.573923006066181e-6,-0.04722923964195868,0.9702426919624005,-0.07916806449858252,birdsongs
0.04075287175266118,0.5717208255502265,0.6961418008437387,0.9177396199339062,birdsongs
0.004758049084146676,-1.8778904223105135,0.7811961905962651,0.5627494973649185,birdsongs
5.628879049646152e-6,0.2179447779924377,0.9780966198574613,0.3646541363476983,birdsongs
2.9329002345312993e-5,-0.02929440966692751,0.9197741276884698,0.12094205820859584,birdsongs
5.35880802746691e-5,-0.16374843138993228,0.8982205675821158,0.1250279050426414,birdsongs
1.4591270528940825e-5,-0.2593230239333256,0.9480051113221746,-0.03339653275351953,birdsongs
0.03612366507149989,0.7071227824952583,0.7886895563841152,0.5006454809820214,birdsongs
7.581808741108365e-5,0.36123496112879683,0.6502892664463864,0.5542665439027881,birdsongs
2.0595951642043975e-4,0.11521629954174269,0.8318588544950454,0.20285971664143382,birdsongs
0,0.056090969738163556,0.6304973282959052,0.9067696783163314,birdsongs
0.02539042049102891,-3.028243600477519,0.7783914136505118,0.44144244179141684,birdsongs
0.005171063966398326,-0.042038069514715226,0.6632723592243432,0.9171620433927379,birdsongs
2.1479015910319532e-7,0.02167909120672695,0.8248610363376541,0.17965560692389262,birdsongs
3.5981837349652324e-5,0.05897242304781408,0.6608218727034043,0.9738605436188992,birdsongs
3.768899976492879e-4,-0.5172987865147162,0.8638602012856808,0.6730753901775771,birdsongs
0.0036081017383610137,-0.8824719168123776,0.6568915913053163,0.8627094193756264,birdsongs
5.705644570253021e-6,-0.1348830993347074,0.9662183235532157,0.380392355846075,birdsongs
0.002564571972472285,-0.3377185908973624,0.7845692428977861,0.9673070007642093,birdsongs
1.728398294764677e-5,0.16151323864595768,0.8135233442600985,0.881530901418986,birdsongs
1.0760114928842768e-5,0.03351230919454695,0.8737100295118785,-0.2777617665796873,birdsongs
0.0590588484962119,-1.2220136115950055,0.7779692242960051,0.49030979779490724,birdsongs
3.285769619665313e-5,0.18620542152562325,0.8907826634200652,-0.01411216267250748,birdsongs
0,-0.0916168907168904,0.8597909506590569,0.5744886663488188,birdsongs
0,-0.031915677287239895,0.94603189783687,-0.24307190776115,birdsongs
2.0637382657229253e-6,-0.010427736264791793,0.7476642913019684,0.9682804990525598,birdsongs
2.1715914451880813e-5,-0.17410521053957903,0.9269165005054811,-0.10820719032748013,birdsongs
8.362840705489205e-7,-0.06517492500749113,0.786876054215314,0.18474401073008934,birdsongs
0,-0.2673529070904619,0.8598599780174756,0.31701574508789704,birdsongs
1.339765189012354e-6,-0.007599061286382504,0.9757827113506684,0.28462207338325524,birdsongs
0.007023655375096971,-0.1386020807994736,0.8645635159941154,0.710123319423108,birdsongs
7.90306527835849e-5,-0.40602581627929896,0.9103148202111693,0.7193640633024077,birdsongs
4.305867609333269e-5,7.821520090583145e-4,0.9383140659512408,0.17716339116384439,birdsongs
8.669516272652444e-7,0.04510211158108277,0.8548627578294017,-0.7162295073589882,birdsongs
4.83963702224699e-7,-0.08841590843452118,0.8888581401221457,-0.5301744111758249,birdsongs
0,-0.012903638936411482,0.8768474768559964,-0.6240001680797912,birdsongs
0,0.09449593605224518,0.8923546462255836,-0.7814547598792418,birdsongs
0.00925001041177198,0.02392571976131548,0.4641806454643593,0.9910513153909213,birdsongs
5.955826510203321e-4,-0.5452451783704353,0.7640619799745414,0.5204506754070136,birdsongs
0.044830768071906446,-3.5526463467064575,0.8850179094086067,-0.17287086337344174,birdsongs
1.2134277660447168e-7,-0.02157184799425911,0.8184522335670338,-0.9302928642569963,birdsongs
5.431214724183064e-4,-0.4737818841241371,0.768397015637351,0.7798869038426751,birdsongs
0.23850859837304317,2.847395595412477,0.7424265692488259,0.4705138204398701,birdsongs
6.415484987698505e-7,-0.011334405410747588,0.8558817121400903,0.8411521124968763,birdsongs
9.860749139445346e-8,-0.04278144728356624,0.900871125833352,0.037210321140948494,birdsongs
0,-0.06447538916670106,0.8587475006426973,-0.615381822971792,birdsongs
1.6442535277771952e-7,-0.02891314076872727,0.7899844939795303,0.3159333910463401,birdsongs
5.6003990137609705e-5,-0.031382170683188,0.9503064025174145,0.5249407490251591,birdsongs
0.03725875316710037,-2.849510172046668,0.6605603011069182,0.5096153274276307,birdsongs
8.098160338088078e-6,0.050384807117419723,0.8198463003091635,-0.6923772095053057,birdsongs
1.1630370522208722e-7,0.0030418379344332967,0.7433968599600499,0.7506171266115033,birdsongs
2.755898895379083e-4,0.23607884128892584,0.6476702986507599,0.9749806656849588,birdsongs
0,0.007138686560817376,0.8316186583438133,0.3075215201205372,birdsongs
1.5430694565887748e-5,-0.06487389837239166,0.71960875652231,0.9707519481617031,birdsongs
1.4215714053689155e-5,0.1795067415892096,0.9428051335733446,-0.6261717434191301,birdsongs
2.6134013397793865e-8,0.0399018259157233,0.8992791534723096,-0.7334946444684038,birdsongs
0,-0.005692677445902078,0.9623242744736498,-0.15869271691487621,birdsongs
0.0010587300146009948,0.47317606551116753,0.5352737444145719,0.6830487851408563,birdsongs
6.019361253883915e-8,-0.029041284295143327,0.7652621256126557,0.3538926625204886,birdsongs
0,-0.276941214702716,0.6732210339848284,0.7049449156636631,birdsongs
1.6230202160016916e-6,0.030330826160996756,0.8623255184308959,-0.6069315958247884,birdsongs
4.8668110108451845e-4,-0.16245167075120678,0.835277370626112,0.3619721372672582,birdsongs
1.2555627315613549e-8,0.009218282621017702,0.7780656287859528,-0.9003439030589687,birdsongs
3.23337943186619e-6,-0.0435322885383883,0.9318147091665334,-0.49542662920016955,birdsongs
5.321540639672273e-4,-0.2764065924275102,0.8020522525828527,0.4431907181930214,birdsongs
0.10734244250290326,-0.6811524063111535,0.8484423157179365,0.6285603892394848,birdsongs
0,-0.04953277396403364,0.8991911866586514,0.19449427394863467,birdsongs
5.730769444545203e-7,0.015045199088248301,0.7787890712097042,-0.6208456512264194,birdsongs
0,0.11665586671080881,0.8505792243991501,0.7810110631367241,birdsongs
2.0411970409917046e-5,0.2426024132845695,0.9354445836174012,0.6346740332022792,birdsongs
1.579393493345016e-5,-0.05609766431461243,0.8792613172274948,-0.7076658068996099,birdsongs
3.360042447941858e-6,-0.07967211249341115,0.8373657826502421,-0.7204857444098971,birdsongs
4.480464134259954e-5,-0.05516249899711112,0.8498319849978059,0.8198827278735641,birdsongs
1.4850111116504472e-4,0.0632779098386201,0.8359983916397711,0.7978097037844074,birdsongs
5.4996268064044784e-6,0.17787546762966508,0.9616889206253789,0.38638986999542646,birdsongs
1.8971690781166561e-4,-0.003365287358212521,0.7428795739697174,-0.6790828623046026,birdsongs
0,0.051852220297330304,0.8388435202114852,0.32795156021591193,birdsongs
1.6931565982591934e-7,-0.003008347157944966,0.8057160649648184,-0.7458466158534584,birdsongs
1.8221825349717946e-6,-0.07983778802168605,0.8551462777395346,-0.7988384655394928,birdsongs
5.868299740907634e-5,-0.2262508731441078,0.7566138139288212,0.9568127372595702,birdsongs
3.8336588112586334e-5,-0.03617850291003457,0.67812637584249,0.9146619936483011,birdsongs
2.518810149343409e-8,-0.0491783798499397,0.9358963702648468,0.5087022708370902,birdsongs
1.442954433716892e-8,0.01738871033786167,0.6665605959778125,0.6792032377622388,birdsongs
3.3818437872312757e-7,0.053404542058174964,0.8050104509101095,-0.6607156748065197,birdsongs
0.15700951716278722,-4.2235423845226086,0.7966751628719388,0.9054037218850606,birdsongs
5.476222198741443e-5,-0.10115433434149135,0.8946112451839321,-0.0027976675419278023,birdsongs
0.010094359736771086,0.23533814337066108,0.8889615818706232,-0.0769990417418398,birdsongs
3.592051512679717e-5,-0.03279770395724833,0.954729606531056,4.5663669777424047e-4,birdsongs
8.920925980149264e-7,-0.015585828799079363,0.9721704045677687,0.2810996411517211,birdsongs
4.571652682194838e-6,-0.04030140957497032,0.9372330531833026,-0.23515873787915467,birdsongs
2.974769834906965e-7,-0.012771730818557992,0.7892394431786804,-0.8546398040117812,birdsongs
9.674346082011454e-7,-0.0784707930439415,0.9385115346283807,-0.02646347710808801,birdsongs
2.8204163698863915e-05,-0.17779503375751268,0.8575263405017827,-0.5096504650709873,birdsongs
2.9117517569954288e-5,0.11025755057362671,0.7765692933935279,0.5073507402918461,birdsongs
2.5062281164811573e-4,-0.22254946488705662,0.5144501213950711,0.9126408195802383,birdsongs
1.963797615678331e-4,0.5241243138205767,0.7732923865816422,0.7550884511164319,birdsongs
2.3947621237141448e-6,0.08167287484604652,0.8345112444655072,0.8549909660078868,birdsongs
0,0.8935676399892909,0.629833329161702,0.8237014551957801,birdsongs
5.819751349522839e-4,0.09489290483643494,0.9173891796094903,-0.06604209179188054,birdsongs
2.9705313787087295e-4,0.08353761479003323,0.7295189545112811,0.5117060806929681,birdsongs
1.4469817870121915e-5,-0.27927391822718917,0.7988763318399097,0.34875448722534197,birdsongs
5.7729016789132e-7,-0.05210683017527788,0.8800100720117422,-0.6474625713511565,birdsongs
9.299900806114536e-7,0.041297042063731394,0.7076007129630403,0.9461704805942566,birdsongs
2.0901698322473017e-5,0.09651027923727629,0.898334186421765,0.45825695926151927,birdsongs
0,-0.19835399486684713,0.6682546804477691,0.8710992564359411,birdsongs
0,0.031051619981258296,0.6654236058084366,0.9021685440336998,birdsongs
0,-0.00569422969779401,0.8579408180285639,-0.6559031143014207,birdsongs
0.05866502817432173,0.1659095869273521,0.7597475403192634,0.8216990334575522,birdsongs
1.9437954549283987e-6,0.11109172293137652,0.8715973276386215,-0.10523347567812717,birdsongs
1.9208540445381228e-4,0.20304933073483092,0.8687140153867197,0.8194538962267451,birdsongs
1.5891100437892547e-4,-0.019133304070264694,0.8336721480652828,0.42851463003836093,birdsongs
1.6822108803715707e-6,0.12141678660585936,0.8265033220147416,0.7734747142012091,birdsongs
0,-0.012251582295794924,0.7988443651541424,0.3437192702398646,birdsongs
0.027685062331192167,-0.7475737010250668,0.8326384526021723,-0.3619246466496272,birdsongs
0.0022893090771807234,-0.7321077223176476,0.8617830620694551,0.5973055326298562,birdsongs
3.253231158129033e-6,0.13649253314884832,0.8954671171562514,0.5441654303406861,birdsongs
5.145050747557001e-6,0.10563566601561258,0.8634447992607553,0.44733847462259946,birdsongs
6.026220724467679e-4,0.6175856464302681,0.7340792599399715,0.9649938281528362,birdsongs
4.036607071933318e-7,0.020545116628611217,0.7735652034491278,-0.7457333240197153,birdsongs
7.367688876077638e-4,0.07100955396440783,0.7398434343535668,0.9641929009235425,birdsongs
1.3107791126398816e-5,-0.17440990937138706,0.8913400090175531,-0.3327862350055939,birdsongs
3.0370072701124684e-7,-0.004657474266440977,0.787248885712363,-0.938916080648724,birdsongs
3.6789751887145172e-6,0.017174168483231538,0.7700667985970785,0.943994139375159,birdsongs
3.823289074278424e-5,-0.0064074032921345656,0.7943340606855346,-0.11104398529424692,birdsongs
4.0845093365327045e-6,0.17727947441018296,0.9948732601204228,0.0681993117254435,birdsongs
0.01025013017678822,0.7227442601655424,0.8949123557019398,-0.30221596821262026,birdsongs
3.488063289236454e-5,-0.10673160800310208,0.8838562097087014,0.12065245930170367,birdsongs
1.3359002051016589e-5,-0.3207061568162476,0.9004243224324199,-0.18607606054449902,birdsongs
0.09830328742024619,6.783382454145227,0.5671537754070097,0.9980060243749853,birdsongs
1.1770230453178598e-5,0.23713133675351838,0.9555121079983834,-0.5391786924990595,birdsongs
2.4528332809303777e-8,0.012250039065563613,0.8052082173287682,-0.7376526672873817,birdsongs
0,0.03927532259601234,0.8740066659502219,0.2973900437808226,birdsongs
1.253925296929026e-8,0.011256613493087592,0.7905864816319107,0.15281025311116156,birdsongs
0.09762041114930375,-1.8033879414602252,0.6467261323467548,0.5779329539441378,birdsongs
9.816338747192788e-5,0.45512646000152385,0.7078228658286496,0.9780801617104444,birdsongs
2.0984209228913642e-5,0.12548933640460072,0.8865484294053357,0.7346906023437144,birdsongs
7.046590838064581e-4,-0.29442203265249894,0.8969270614526322,-0.14231501272475244,birdsongs
8.203359360803297e-6,-0.1227418457262456,0.9666193053717737,-0.16036223124403165,birdsongs
0,0.03519941786484624,0.9450763024846163,-0.226231963606084,birdsongs
0.01035692605035543,-2.8936913546780447,0.6883993824500142,0.9173431375445036,birdsongs
0,-0.052525296692429675,0.7046232833555542,0.9746350681974115,birdsongs
0,6.564058992895828e-4,0.8380333356170149,-0.43382439910401405,birdsongs
0,1.2173243312157602,0.7043514852856589,0.7825421792127003,birdsongs
2.0296854386658847e-4,-0.38052053643449474,0.7818607440692246,0.5265654507298916,birdsongs
1.5947420048290084e-5,-0.018669629449780362,0.84739647113751,-0.22567357809859176,birdsongs
4.8592066148600566e-4,0.009729025041296094,0.7034987169266039,0.9493051927594145,birdsongs
8.318945917669129e-4,-0.5843904009918681,0.8245752755005379,0.22694433774255604,birdsongs
2.9024846501801704e-5,0.05878834221916665,0.9012589625171495,0.2964090839583806,birdsongs
0.0035767215747742886,-0.011705059783672311,0.3377245955065161,0.8697726195966363,birdsongs
2.813052381683834e-4,0.2500643104931498,0.94944812582710425,0.1546758718092191,birdsongs
0,0.1261665451322412,0.981166229693051,-0.03778392833661073,birdsongs
2.541094376770081e-4,-0.5600657384747462,0.7027484907588897,0.8612417805421922,birdsongs
1.5681316368643117e-5,0.3058153962863461,0.8357939156420772,-0.5182492869238142,birdsongs
3.0791259438955887e-4,0.4318003506149578,0.7315383417217309,0.8216545014870443,birdsongs
6.51538298868104e-8,0.018754940051698216,0.8362588066084559,-0.1772204900131424,birdsongs
2.8834804916666457e-5,0.10621562943408061,0.7785034731103243,0.9637979293690803,birdsongs
0,0.025712330709203104,0.9385282823729657,0.5562882154671598,birdsongs
2.7007852184546266e-4,-0.4349696262964024,0.6614447682305594,0.9460346516862378,birdsongs
7.733400473930452e-5,0.3030293861195168,0.8675473074917477,0.30936225999229416,birdsongs
0,-0.031507422124439896,0.8375449721387288,0.9081806830205337,birdsongs
0.4680271827499265,-8.393818307291598,0.7203434009272388,0.5577681956710019,birdsongs
5.68534964500711e-4,-0.7847466450122216,0.7913279701649638,0.9427947629994011,birdsongs
2.0265888505788254e-5,0.11674413644311167,0.7412350895924407,-0.7352838253907229,birdsongs
5.7887412599821886e-5,0.2394498447325097,0.8752495394609517,-0.3564135749269872,birdsongs
8.419550240601481e-5,0.34905523167246877,0.9847288265825167,0.15683170924882472,birdsongs
6.47474752168975e-5,0.10205877822196517,0.7832433029606148,0.7311457223502166,birdsongs
0,0.029001924071596626,0.9380889099943511,-0.601933621988173,birdsongs
2.798553210892063e-5,0.052147488553319944,0.8267656496243176,0.9073467016731912,birdsongs
2.825844464298122e-4,0.1610554409405285,0.8530532435403433,0.8572311230749986,birdsongs
4.361130787611245e-7,0.03928458006723208,0.9641125801641184,-0.22816855310869527,birdsongs
0,-0.09707897267155685,0.8749542317112252,0.5611412553567388,birdsongs
1.8163143973626283e-5,-0.12834768685302128,0.7825208477950717,-0.9553679737660579,birdsongs
0.0015896475807956056,0.5466572629511455,0.7654456484350527,0.7236340028272131,birdsongs
1.3100627081041871e-5,0.05361309266643249,0.9120751772125931,-0.24726491205628648,birdsongs
7.490272838350798e-5,0.13866983388909915,0.9701274272693389,-0.11457479505053911,birdsongs
1.0921563139421053e-6,0.12069123573117813,0.8654897887152135,0.1776277226851391,birdsongs
5.6305091034047905e-8,-2.7401860317802565e-4,0.8004934030953118,-0.9244165334910597,birdsongs
1.968094462285741e-4,-0.2182202707120511,0.8295459912528567,0.23283670287272568,birdsongs
1.797060919850324e-6,-0.03266931595748266,0.8158689860695633,-0.6354625592217841,birdsongs
0.003983394582268596,-0.9208998116961612,0.7428329895992429,0.9412275177519882,birdsongs
5.5840910512250375e-6,-0.12202235607849554,0.9785012769985114,0.03672388554850926,birdsongs
7.487787234694565e-8,-0.011085726860794216,0.8070054223538181,-0.11755614186829326,birdsongs
1.83024335093096e-5,0.07947135141388649,0.9145642094238475,-0.06329488896786117,birdsongs
1.2052263265172058e-6,0.04566814898866955,0.9520991756870061,0.3865430435555702,birdsongs
0,0.2608820279950425,0.6724134833239337,0.8562220289777358,birdsongs
4.473129711968227e-6,0.07733960026441399,0.910589943554108,-0.6386007578914595,birdsongs
8.223304487353644e-7,0.007193660440980323,0.9479085094891074,0.39050209811597747,birdsongs
1.3790013597592132e-4,0.1679840684531592,0.9342611479694246,-0.21221112543577944,birdsongs
5.85080994915943e-5,-0.25279681908025226,0.8242001101006277,-0.8817080867947434,birdsongs
4.4098942053594214e-6,-0.13960987969470343,0.9297441240562689,0.5209084580280012,birdsongs
0,-0.018735506459264927,0.8385100132421416,-0.6694429395759279,birdsongs
0,-0.04387765408373858,0.6354179463486008,0.9140100516312023,birdsongs
1.6526432289998283e-4,0.07815665654252307,0.8827662830718334,0.5312083126048415,birdsongs
4.7157020222066137e-7,0.22623190669587245,0.8230077069271806,0.8459042923264241,birdsongs
1.8575531986031457e-5,-0.17078514532802952,0.8961245452679188,0.744664312920988,birdsongs
8.378452154289562e-9,0.03351827606138452,0.8339136411810034,0.3367908217154032,birdsongs
4.836824905174453e-5,-0.06796973613273768,0.9378694057490535,-0.09133269510435797,birdsongs
1.6104057265486915e-7,-0.018980651992825844,0.695234769552602,0.5559735625524032,birdsongs
8.206954573223291e-4,-0.012621276636348603,0.8171137861006064,-0.886127961334379,birdsongs
0.05007945965242666,-0.30728906638883163,0.7054989111370001,0.9070993173684511,birdsongs
1.5277873905095163e-5,-0.3410018223629882,0.9704167353809084,0.3993566207161526,birdsongs
0.0021997179728738825,1.9233681842133483,0.8634520501235988,0.8603130210320447,birdsongs
1.509795266807501e-6,-0.006058967236206231,0.858993586708879,0.6758038300141186,birdsongs
1.9929092619275224e-5,0.07803196754383207,0.9217298263424069,0.6179495788270022,birdsongs
1.7829310246331165e-4,-0.5456007556482204,0.9555137378097196,0.05394777221241353,birdsongs
0,-0.04617085887923967,0.8432788584158883,0.7870095643786568,birdsongs
2.805664809368835e-7,0.007999645035894148,0.7853611927550506,0.33709466314076214,birdsongs
3.64906642436047e-6,0.0391673726875454,0.9528506636795335,0.004879472410984242,birdsongs
0.0034269824291133233,0.12340023387492263,0.8746297053986335,-0.105112574098295,birdsongs
5.434230617717972e-7,0.06046632833883985,0.9610431356556784,-0.32704627055813673,birdsongs
0,0.11257696476622633,0.9455209153079079,0.011531495130903669,birdsongs
7.256014116219234e-7,0.010005247401529365,0.7853702361995611,0.31859211909417107,birdsongs
1.1130082893884286e-5,0.11593927879582173,0.845357395781561,0.4064461065380592,birdsongs
0.0017878965140666336,-0.07176249318993604,0.6612885142797857,0.7156737320038077,birdsongs
8.179405489927571e-5,-0.10743736420474166,0.9081106888943702,0.6707807565262752,birdsongs
3.277333712170538e-5,0.07335614782268318,0.9678494705520978,-0.3122898911695329,birdsongs
5.188938758993178e-5,0.5840231880908122,0.8340774297875603,0.03846049226586282,birdsongs
0,0.032364835557793695,0.8714960926773955,-0.34218425739176034,birdsongs
0.0018514633027773009,0.2370733680548334,0.5586102876926787,0.8963770630155421,birdsongs
5.850970405918421e-5,0.17008959560648942,0.8658016568095255,0.6667746235281627,birdsongs
1.6022534842963232e-4,-0.16996024069901608,0.6112603812816165,0.7943765750072167,birdsongs
0,0.11125297533470868,0.8859163054732521,-0.4430236729709947,birdsongs
0.0011087750772879046,-0.7295825906002735,0.7002024473422557,0.9510702619513135,birdsongs
0,-0.19441882141235342,0.8915559443334634,-0.1763869182359645,birdsongs
1.2059357513516389e-4,0.13480818884348575,0.7462551064690831,0.8972353221972151,birdsongs
0.09447798421549758,-0.8451719070190108,0.6266036623308666,0.81562415869266,birdsongs
5.35178204825737e-5,0.03961737392105277,0.8927255751890824,0.7125055947387599,birdsongs
1.641287334441799e-5,-0.2006891896775969,0.9468773622140922,-0.25327711414252385,birdsongs
0.004629280607428066,-0.8661284601199143,0.7559800804175373,-0.378261435659857,birdsongs
1.6561283531035809e-4,-0.030944526142235192,0.9619905294746968,0.2926950000684547,birdsongs
1.682624065635352e-6,0.09418648073454453,0.8982003546571531,-0.7498362846024549,birdsongs
9.074576239331833e-7,0.05387514902611364,0.7792604535715544,0.32560880683689336,birdsongs
5.126578483949373e-8,-0.046717344760806516,0.8840744120622589,0.5954625062395048,birdsongs
1.560102466113822e-5,0.15527082450426063,0.750328769618008,0.8368547407621368,birdsongs
6.883872787355472e-7,-0.025115723111228186,0.7793812937363482,-0.7130715304560353,birdsongs
1.933126028141885e-7,-0.004162199840684807,0.785821577855453,0.3725823776545934,birdsongs
9.384953916224958e-7,0.03961281407686726,0.8487448003202285,-0.37190685652306404,birdsongs
0.11013426530260473,-0.4972317155252577,0.7526368971554912,0.44380710043403615,birdsongs
0.9684731336627517,56.523980633343115,0.19074824171061228,0.9983367392723247,finance
0.8978164136864702,-20.264719343620595,0.4617195571748237,0.9844566649431843,finance
0.9852887993087855,59.782804051147835,0.09219483679744019,0.9990032043148194,finance
1.2746083409798104e-4,0.44725330913139244,0.9691381353506715,-0.4286508610932627,finance
0.9747143697461083,50.38612060902316,0.20587298055034858,0.9985249130911152,finance
3.1413820563941375e-4,0.5062331639915012,0.9806471553390369,-0.34086241695036557,finance
0.001418500892031327,-0.27891078501488836,0.9964091916494802,-0.11550003184286221,finance
0.9513801019774041,51.93006006841054,0.278975898825767,0.998675877837168,finance
0.8926664415984776,35.35119825068335,0.33088404668328436,0.9974631255785219,finance
0.9261406781767951,41.749710577115074,0.33167254964891074,0.9979733094999093,finance
0.9929357432776753,52.84198174162391,0.04180811864577647,0.9992790105205887,finance
0.984479227434355,60.30007998228562,0.0863043323083509,0.9990263285344132,finance
0.9900320482024114,56.50257345865842,0.06401328862039526,0.9986169303539357,finance
0.9592794319741961,-29.821853621843374,0.2683885645738811,0.9939753860602664,finance
0.9792999039413737,55.23169935287828,0.1558458208459273,0.9985671654459972,finance
0.938891773789882,21.006658449141785,0.31389200109316145,0.9585375591033681,finance
0.98590028132585406,57.31272872739149,0.09083076192872144,0.9990523511541668,finance
6.688414376787577e-7,0.020642895874183227,0.966990200425108,-0.48105163414899516,finance
0.0059990298841773315,-1.7004796487963125,0.9992821593404655,0.05980913428066285,finance
0.9778461602079875,29.780766522713506,0.1792207671503482,0.9952018807006044,finance
5.0706704656677815e-5,-0.1265129262973483,0.959095907038528,-0.4500820068267683,finance
0.9876748670769723,61.9525981140067,0.0827717680482838,0.9989933531170635,finance
0,-0.02392354989184157,0.9573628946698328,-0.46876619656015356,finance
0.9757478042195468,58.78984283667073,0.186520100667332,0.9984722992666236,finance
0.00493949924323156,-1.8476015017162857,0.9992147330882719,0.03665773661058437,finance
6.995092222772392e-5,-0.2224453380970951,0.9616598028648372,-0.44401107377168514,finance
0.9781309064362121,37.497085127092944,0.19753406625251205,0.9969950495064741,finance
0.9993687447502121,45.22238825293883,0.01599674659143899,0.9985217992208382,finance
1.897192580091467e-5,-0.11948359499589731,0.9590472056730448,-0.4695415969291777,finance
0.9687079365669139,57.442307781421,0.214375042663795,0.9982220157062437,finance
0.9520692606632418,50.08884975273038,0.256910746790458,0.9980286307795742,finance
0.9880834102495943,49.06200116273714,0.06149770328572464,0.9989084887115273,finance
0,-0.05555214207994613,0.9581860294562038,-0.471844205221497,finance
0.003995801478015482,-1.2847420352966183,0.9990966211834358,-0.03567542528065044,finance
0.9527875231108159,34.20275742398138,0.28639741883186814,0.9978126943665818,finance
0.9223515256362889,20.649886812695172,0.3315868574866313,0.9976979811539176,finance
0.9702467526943074,9.941647687065597,0.21640745167844444,0.9985442565527631,finance
5.38868006269011e-5,-0.20087271313599597,0.9609471452662395,-0.4530562843765748,finance
0.9079025393193473,-2.2687699208642877,0.44421635235384305,0.9888350867209642,finance
0.9542894195922305,40.62140021354809,0.2805281859260282,0.9985363964670175,finance
0.9969942815062166,31.29386171950885,0.22591408666079874,0.9950157520485597,finance
1.7182535970050594e-5,-0.09329773521337154,0.9601873118089373,-0.4579141506575952,finance
0.0030959054339738667,-1.1397455808203025,0.9960432824136347,-0.0389678787031552,finance
1.265050273080437e-5,-0.06731796147477767,0.9578818746548967,-0.4706681818072675,finance
0.9423703160162317,-18.857966413284732,0.3078709286114592,0.9984741694528831,finance
0.9551118518642928,53.29397421566141,0.22741235058194428,0.9982395232354349,finance
0.9944547308714176,21.54089199422538,0.1409960787255376,0.9941555104834311,finance
0.9259616456608706,11.191013500744392,0.39164715965530655,0.991936353964182,finance
0.007350928860086703,-2.519440714423471,0.9946410800068403,-0.042772408476570406,finance
0.9126001189679954,4.479063057455892,0.3507314676308285,0.9979173110124292,finance
0.9868888024295887,62.89921516475103,0.06176846873619396,0.9989656265340633,finance
3.0832967836680325e-6,0.066612164221205,0.9615801357104456,-0.4942146953175034,finance
0.970601859184573,-36.73213013887414,0.20277569199361803,0.9989924587713896,finance
0.0056878077166507834,-2.339447806050314,0.9997580295187158,0.04914852327910488,finance
0.9638431785941526,-24.852684978489556,0.2710114922438183,0.9960972504448385,finance
0.9997095539948653,25.20971684817275,0.1597486103914452,0.9937155827069993,finance
3.8421594614757026e-5,0.24629041666685383,0.960794830894013,-0.5071634429408376,finance
0.9779809388542602,55.440264392442636,0.175198407066427,0.9978302805715976,finance
0.9619474124157265,33.168416332186446,0.27167787553047745,0.9965103850022131,finance
0.94356847165847,24.57733934677069,0.24767298233784577,0.9976578006295798,finance
0.9991370572405306,25.15782289626986,0.18384774598854212,0.9944050721339428,finance
0,0.13621192077804284,0.9874698895169793,-0.1609073806615729,finance
0.9392521976944816,-14.252907594345771,0.31094902374884836,0.9982734706300843,finance
0.9882044256427184,60.97279097229691,0.07940729168195099,0.9983444783995574,finance
0.9254852911311297,41.250763205928074,0.32791383669517604,0.9972081474972337,finance
3.3253058844273653e-6,0.0035755459746783036,0.9653283885195795,-0.49163592376772736,finance
0.987468610681145,33.07321053839912,0.1632251497239625,0.9977098701977335,finance
0.9267742880596289,51.586101250694654,0.31316800177080034,0.9973022139589296,finance
0.9168515974973107,20.61736351609566,0.3877458976506747,0.9901234210305757,finance
0.98116076544266,38.395485599670934,0.16093582356347558,0.9984978395109747,finance
0.0011057028266663327,-0.1521050891005115,0.970225441838928,-0.3606167591072393,finance
9.843164674006033e-6,-0.06160644149051114,0.965516577790905,-0.4369214594427096,finance
0.9321977048951285,36.11169155860104,0.3093285822378141,0.9979837816577692,finance
1.2919044745429709e-5,-0.16697397787958537,0.9668429868013937,-0.4467859134645275,finance
0.9805777751605753,59.25745759018399,0.13263762577541147,0.9987348628354918,finance
0.9367601497163445,27.15362520946107,0.2929342350415347,0.9980010602304881,finance
0.9922848286065461,55.17217185823542,0.04419763181187593,0.9989854426136342,finance
0.9767082179283533,59.61989700055384,0.1350204745107635,0.9989398281044654,finance
1.0211607851051685e-4,-0.15070387659431778,0.9730154670069104,-0.4213175382215278,finance
0.9609627294625118,-14.958036109697144,0.36229614208140515,0.9943106196376541,finance
0.9330603596653408,-21.329908743339434,0.3244724191070203,0.9966993167827326,finance
0.9235496275546113,20.0075096718909,0.3050235526436205,0.9407481023581531,finance
1.999629341630227e-4,-0.5690984856729755,0.9691055324731812,-0.38071378266428735,finance
0.9378618811698604,-27.29415903221067,0.3160692583280303,0.9969497817461331,finance
0.9047436249658382,6.245297118044399,0.4355280476823883,0.9867717636803758,finance
7.798307558982698e-4,0.3675313461425912,0.9830686100056828,-0.3075443288788897,finance
0.9097020444803565,7.756002852508242,0.3467039478497957,0.9965056888495153,finance
0.7846128192530182,38.2674402848133,0.4288992149557616,0.995644536782281,finance
0.9261911930410194,18.117486719426147,0.4262437661193543,0.9816436770990179,finance
2.969363981253359e-6,-0.05230943619161441,0.9718321569345447,-0.40742009149316366,finance
0.979201046968749,56.035115841149896,0.10743032137286192,0.9985510279485399,finance
8.586712973990274e-7,0.06964330298689987,0.977010075332362,-0.2948794404108914,finance
0.9443043230743173,-16.663087570662135,0.3072578709561286,0.9982224899272926,finance
0.9577956709099252,53.45657252558946,0.24355667299455108,0.9983558774393976,finance
7.728515591853835e-5,0.05585784895281396,0.9658564941273287,-0.43723151691933826,finance
0.9315098464534926,46.80867476822336,0.325812973431941,0.9973244441414333,finance
0.8986107700383373,-9.441071972125258,0.41518124748396745,0.9903359636352099,finance
0,-0.15826087246070084,0.9680933033474972,-0.42536813029488757,finance
0.9563163313605694,44.05844742267404,0.25240739265691314,0.9989320822543938,finance
0.0014132276231069163,0.45022507951408347,0.954905866984451,-0.4738389571790227,finance
0.9148672599001612,-6.267486152942456,0.32401248976353136,0.9976087869261033,finance
0.9288459954393953,49.43710445446566,0.32453296503494367,0.9977840584344132,finance
0.9834052509186069,61.511694389879906,0.1293861482587998,0.9989077645682195,finance
0.9734991222710263,37.07344203259652,0.19714097696408342,0.9974040463279715,finance
0.9528974833167151,18.710833488208575,0.28156291213252627,0.9972202086652671,finance
0.9762641521232467,49.549434248349755,0.17685255934635613,0.9990189429591368,finance
0.9002259807418269,31.73900114462369,0.3614669744138531,0.9973243504848827,finance
0.973407723136326,58.52495146161717,0.1949024689178434,0.998730331617202,finance
2.6094080037064593e-5,0.06930132444239383,0.953571765571761,-0.49660905845428754,finance
0.9541174824675659,16.175628707637507,0.36941961063091006,0.9807737238564359,finance
4.80750184745804e-4,0.3044069558239104,0.9676299088175413,-0.3785184817091707,finance
0.9752913995879987,49.665022797956325,0.16112811902820257,0.999285357695468,finance
0.9644130902666831,14.111577626181907,0.3857098016379143,0.9897167484616305,finance
0.924573077196469,20.228926816026167,0.33372099702168717,0.997271807863567,finance
0.9024742260960571,14.92558404962656,0.3519812269227582,0.9973209462635005,finance
4.273788489316255e-4,0.5685656965055604,0.969499751550979,-0.4231663625903656,finance
0.9471414809435895,45.80394659986911,0.27974578808544853,0.9986694490874053,finance
2.2885911534831216e-4,0.24453471709133467,0.959948636088971,-0.36761825136547255,finance
6.0014278731035375e-6,0.209790434241439,0.9716914636791052,-0.35328083622627465,finance
0.8488321825192795,26.89883596670145,0.44143705940708766,0.9942168770337325,finance
0.9718869760307453,-22.92195854790258,0.25669523955550716,0.9948721588793972,finance
0.9766471618896244,-36.957016635508545,0.2043418469577447,0.9992327384174883,finance
4.529414574714341e-4,-1.551819680573821,0.9986109313644952,0.023300142780059978,finance
0.9287848264538098,57.390204510176076,0.30855481091636805,0.9979496338850781,finance
2.3522378643647812e-4,0.48407340083499173,0.9839537743035701,-0.323794349718522,finance
0.976750525669603,58.1122492566169,0.1656514163368475,0.9987574451461738,finance
0.9264449540511066,-34.130796362438794,0.38994201674641943,0.9947990332942114,finance
0.991899795534371,43.693759367192456,0.05979970890403514,0.9979957337052657,finance
0.013347054630671096,1.0267093094716306,0.9964867357863086,-0.07515786941218071,finance
1.2109437939056278e-5,-0.13884754771712368,0.9788684256343673,-0.31321885830154644,finance
0.9222743071462373,-15.492970423408764,0.4371524526882831,0.9883319651899242,finance
0.9800212509205988,54.03952801572305,0.13669773421497233,0.998459027894369,finance
0.9470014888784037,23.024188501442644,0.29443070189694176,0.9986425798158326,finance
0.9832689548531699,59.90613031719516,0.12188510740112504,0.9994256154166546,finance
3.5841131311720176e-6,0.1050132311946472,0.9677371205720199,-0.4212468332503751,finance
0.96934247831549,35.88885329537286,0.19601836518211885,0.999169247201607,finance
0.9227543233078437,27.76380381408582,0.31725712824063534,0.997623435268582,finance
0.8613587926394566,-19.23478071189572,0.39777931500711977,0.9957149394044035,finance
5.605613533739007e-4,-0.8298805423965807,0.9811487435165747,-0.343337175244102,finance
0.9047996875177587,-17.180936294322482,0.44149093569512815,0.9895219696902228,finance
3.788158810419384e-4,0.6719924499634514,0.9817965870412083,-0.2854683305204286,finance
0.989570588722097,60.03897365190359,0.06720774255360215,0.9990507484541886,finance
0.9588437241654634,-37.40699768759516,0.2657234638535344,0.9979880359871344,finance
2.8848267618564183e-4,0.20966881409797175,0.9573992715521182,-0.3820878393876886,finance
0.9204038899914313,-28.735077300335778,0.33764729845401875,0.9979574261201941,finance
0.9406180110705566,50.855801489895306,0.30711108240405127,0.9978991976516476,finance
0.946808638169489,47.77591727449778,0.25736619218165957,0.997723847080577,finance
0.936427657699163,-23.166905185975406,0.29623379861759125,0.9979685328676086,finance
0.9298651327072003,31.064068694356965,0.2950938297401307,0.9977372572915206,finance
0,0.07179682985406917,0.9709764305391758,-0.3548394240244124,finance
0.9468836123599883,-34.678097817545286,0.2947730513637397,0.9985417168695969,finance
0.9898994875299263,61.18600133015609,0.05021524850327165,0.9989504526006375,finance
0,0.057524396347662696,0.9746938148153993,-0.3840863970032481,finance
0.9951854130174947,21.657541044697428,0.20209206670306604,0.9900302745693518,finance
0.933544201330616,-32.55277747522916,0.31853418713361314,0.9985937750407329,finance
0,0.0375481660957094,0.965677080208686,-0.5126822430071454,finance
4.162314428457492e-6,0.0696287835602953,0.9674138444366982,-0.4036726914126252,finance
0.9064641575393841,-22.716671767523785,0.4221424498247722,0.992819023119553,finance
5.373513913731198e-5,0.15844911071748952,0.9691518900218768,-0.39752692052117267,finance
2.8460263790441864e-5,0.23199983392865978,0.9713030400239303,-0.31956075818424645,finance
0.9931934561790068,20.967942745242137,0.12193879550301402,0.9888412908365347,finance
4.2672853045222503e-4,-0.16899310221514702,0.9750669946327938,-0.3760875493037083,finance
0.9058000467379582,21.894749490691254,0.44712835754774355,0.9631860292828283,finance
5.12083180065348e-5,-0.21137362173784535,0.9592032755585067,-0.4632903910968213,finance
0.9726618006499437,57.99955196416899,0.17197471884924254,0.99842223951883,finance
0.9375336477271449,18.864839646992447,0.33784329823339776,0.9960680320666218,finance
0.9653612475831395,27.99679762341024,0.22314468234633492,0.9983135063965811,finance
0.013617877463624195,0.8695045112396514,0.9877252006628356,-0.2671380750057628,finance
0.0013117390933055084,0.7582434690957537,0.9643809831852735,-0.4039266403649793,finance
5.752802506964194e-5,0.05076230289478831,0.9717623199989099,-0.4007951516437925,finance
0.9750411853491876,24.523090047384933,0.2011151666363804,0.9958630917188387,finance
6.426189321118159e-6,-0.0621529097895559,0.9654767582728051,-0.37456293238882704,finance
0.9668404645142258,23.014182713288374,0.3850651060365996,0.9883517711206463,finance
0.9781237139445325,33.77371760556725,0.17748278954819166,0.9967457020570927,finance
6.410516435573221e-6,8.797517424003177e-4,0.9692354841746801,-0.4351125059331035,finance
4.982696722610758e-5,0.2672490508131632,0.974107518899604,-0.3503308936131857,finance
0.9621838249938016,20.717513494171094,0.29673938250870796,0.9877882809729702,finance
5.381097774245225e-4,-1.245565864369931,0.9984837336137835,0.017979263804450293,finance
0.9545240517649725,41.50674876269516,0.2649122189155491,0.998385975519104,finance
0.9723739297871216,19.568353544893473,0.22817472867646402,0.9946860159041571,finance
2.7630880732210095e-4,0.21462946648701914,0.9593452137011316,-0.4364013730782549,finance
0.9521806657338963,8.448669491055066,0.37243751713798057,0.9889257325470772,finance
0.9731508564712554,58.12805040057559,0.1973576234403168,0.9987734605272699,finance
1.3559861438683374e-4,0.26431993168182905,0.9607986237315946,-0.447421137645008,finance
0.03341944387957063,-3.4369646038171395,0.9920951939423653,0.15516159040035585,finance
0.9769191245778927,58.744680510839,0.1540172694014423,0.9988359009947135,finance
0.8479532563919912,-3.8540722489364816,0.5322203859558665,0.9852497840113671,finance
0.967091705099162,45.30492753659677,0.22055803585802491,0.9984509128281877,finance
2.973371220945653e-4,0.3276623683639657,0.9997287989260366,-0.056852496762189224,finance
0.965658593990686,5.500527882309198,0.3861729473938684,0.9947599576742776,finance
0.9444625378554729,15.33700913268692,0.2640443787825671,0.9989344646085994,finance
0.9854143247982701,29.788931571767172,0.13853687623827243,0.9975135141693052,finance
2.0283519274189032e-6,-0.08125007796020996,0.9690023231545369,-0.29352103095898135,finance
1.7296945926670304e-6,0.054062803022936604,0.9671137790571269,-0.4750841279260949,finance
8.133007174534468e-4,-0.5342159633430528,0.9900322442691896,-0.2565636570642339,finance
0.9390368914995069,-37.792995874708225,0.29865491140434763,0.9983548939071797,finance
0.9110088087029559,-10.916053040552319,0.35194096027549665,0.9978672286459734,finance
0.9741969826090957,40.89348022746345,0.19460174665932078,0.9983399974799084,finance
2.044767047226781e-4,-0.5095596416897514,0.9729878948750073,-0.3980634006160857,finance
0,-0.030419959567461834,0.9680328985097225,-0.4408242338288454,finance
0.8986426671453622,10.09954019941799,0.34968219858300675,0.9974933600609937,finance
0.9693386444887861,5.190525312552256,0.3764143250798585,0.9950556504387684,finance
1.2055187896431452e-4,-0.36446460067586867,0.9684117143577171,-0.4313205705592126,finance
0.005410684622745077,-0.6229393687202215,1,0.030971940292848138,finance
0.9878658595419644,33.073539324870055,0.12029290170849949,0.9947681279075974,finance
0.9991101381335735,36.45821953191272,0.03570841748194115,0.9974746829406846,finance
6.361718143051975e-4,0.7480846166803142,0.965978241535779,-0.45758214099966366,finance
3.991533913838552e-6,0.04864353043816919,0.9657809194598275,-0.4281897186656392,finance
0.8889384366828824,36.225740484347,0.38033179440565934,0.9970109493987102,finance
0.9696809132158664,5.373511867368226,0.3798036743842311,0.9948130095853147,finance
0.9824654077322837,6.566308390111584,0.12885423236245977,0.9989529850425555,finance
8.901194463861728e-5,0.014435519190045005,0.9447711529656335,-0.4277368083128633,finance
0.004588459235784659,-1.3020061450880782,0.9970195565485951,-0.14392757308752815,finance
7.394526999282558e-5,-0.10623540941474005,0.9745504949717417,-0.38200631385718586,finance
0.9613942021372577,14.95411695233336,0.30849286772833734,0.9910376659690012,finance
1.9007547117100287e-4,0.10813871479580184,0.9621755389277606,-0.4368579163721765,finance
0.7696779086464628,0.6876606062432069,0.6058721999727665,0.8148497812965553,finance
0.9387879839355615,17.55704110076226,0.37816257231199174,0.990059328639938,finance
1.4816018360985783e-4,0.31642054979223716,0.9755384114237716,-0.3581839552980386,finance
0.9854240083559772,-17.350972667097828,0.26587120473670356,0.9971238158326944,finance
0.9684475121670575,5.516384178182581,0.2791587481436358,0.9946370544662209,finance
0,-0.017838449090859666,0.9548258148423154,-0.5048849190738407,finance
0.8984935133042737,6.088046262259303,0.4885621309892976,0.9881649521841893,finance
1.8334041563838888e-4,0.4726036112966573,0.9735932552306491,-0.379989638008234,finance
2.207307386314916e-6,0.032257810799328365,0.9637394143292142,-0.476805753769385,finance
0.9352304448041833,40.1123397127426,0.29721292933013543,0.9986088966005553,finance
0.8733494309912538,-7.836925839762495,0.3906863329388694,0.9965015559409295,finance
0.8249475348465811,6.964940073068253,0.5291816292567986,0.9377056029643969,finance
0.9510515919568276,28.462355884731636,0.3291863786070524,0.9924225813244066,finance
1.1116968850810593e-5,0.09749558127240728,0.9650017413406001,-0.4327004353023463,finance
0.9890823331027674,62.25142208103952,0.0633858830382478,0.99876812584328,finance
1.3244746626783765e-5,0.1315728403419582,0.9858746815440729,-0.2127835732080109,finance
1.1587677561875065e-4,0.10216259850175427,0.9695347836187881,-0.3579670897539783,finance
7.808039748080642e-5,-0.2688989311684098,0.9652255510286629,-0.43743757042514453,finance
0.9279800779217264,22.2530671111113,0.33473658065251305,0.9978188414303254,finance
0.9970456958821838,43.357049058343115,0.07267678816563579,0.9973569682878891,finance
0.9307671417103427,6.916671234320165,0.42347442693545356,0.996063705062851,finance
0.963779291675633,50.88505092882632,0.22753093913831438,0.9986118204013255,finance
9.94717411313406e-4,-1.5784461484755334,0.9996622653671874,-0.022312565542825926,finance
1.537458661350355e-4,0.06261407932457101,0.9779684946503833,-0.3734287587929416,finance
0.9489409710642068,22.18302070302123,0.13850527287185901,0.9748365736435972,finance
0.9363101924506626,-23.83855110176997,0.305456590479405,0.9981267465965031,finance
1.5841331129085034e-6,0.12670123110472978,0.9713391002729597,-0.418879811741273,finance
0.9512653805295664,29.41432843006579,0.2964670600053474,0.9955018694883909,finance
0.9856908272697701,52.477032994240965,0.09469594831549182,0.998695307782976,finance
0.8969549272070454,48.16824758955495,0.34386455240198777,0.998919510715796,finance
1.254862254107536e-7,0.033307320183778674,0.9716757463684546,-0.42753166280478244,finance
0.9382370835772726,-15.130011840833435,0.2925873590313458,0.9987689791274019,finance
0.01552927704763174,-0.598102137755023,0.9945246531736335,0.0013380834694288752,finance
0.9315245710703858,-15.602147625677029,0.3819628532506515,0.9919893256796118,finance
0.9361696604075088,-39.00473839628612,0.3051133312179347,0.9985324329897477,finance
0,0.23887412428071422,0.9663258441952173,-0.3961259533516322,finance
0.9563114301768643,50.86205270908358,0.27637404967202645,0.9985142143669015,finance
0.8567227059530415,2.3870682541514743,0.4757035698238533,0.9791911997069513,finance
0.9069845257544521,36.692836578189485,0.34652225451346597,0.9979729288596177,finance
0.9609603397861913,50.211194759365945,0.23603769148959608,0.9979876436362702,finance
1.1594468663944646e-4,0.2512718650639288,0.9674861056658567,-0.42124609851899536,finance
0.9677517120615035,52.435920420853016,0.22585791924584064,0.9987307541923262,finance
8.221163104060736e-6,0.1338359365292097,0.9672868261738787,-0.47395034688957793,finance
0.9163115426429866,14.184842917231574,0.38949587645786005,0.9887586635409398,finance
0.9664497429995583,10.168550499862821,0.237496022827681,0.9954766062520206,finance
4.6610955478443294e-4,0.1408084363298747,0.965646894542257,-0.3954893199210059,finance
0.0032831894556932806,-1.112165787135831,0.9979032470907961,-0.07046305794047103,finance
0.9598941191904586,40.78665597202471,0.25475729635431604,0.9982384940834989,finance
0.9651124048676539,53.70597429514373,0.2185964220245347,0.998312277562832,finance
5.0754887875870125e-5,-0.216138743589147,0.9799609139983584,-0.324493704484077,finance
1.3401719216599162e-5,0.16940103907774434,0.9611347238665948,-0.49702466147912316,finance
0.8713002402102954,-7.5484957684108425,0.3995324131720784,0.9962087741564792,finance
0.9558716168739437,6.319116833744281,0.3483991801035329,0.9940402506096517,finance
0.004599975793387556,-1.7604303496850122,0.9846676441346287,-0.13522279562598544,finance
3.9395261997543507e-4,0.1800424056394037,0.9571338834966295,-0.4136869270144209,finance
0.9718669302762953,4.323858485435476,0.2044032793243936,0.9983485351311902,finance
0.9140103209060384,51.59216668232065,0.325413916355539,0.9991072897461195,finance
0.9490883507989996,42.80628135679628,0.256435554774213,0.9987792333150491,finance
1.7453513694754008e-5,-0.22267346124794496,0.9645125338280789,-0.47345330900880883,finance
0.009689902069143774,-1.0332769581061036,0.9985038353933955,0.007264733199429411,finance
0.983461789191575,20.09463426962161,0.15372365221883327,0.9922523662969477,finance
0.9421461873282156,31.103561186224894,0.30490553854874675,0.9985972013295229,finance
0.977530809300838,55.89600010918242,0.17311871553838032,0.998274730682729,finance
1.5621336329263436e-5,0.13493558184383478,0.9615368048262767,-0.4995200617104449,finance
0.9850469060453048,57.353685945387156,0.09019412284436275,0.9989437457803301,finance
0.9510809142667711,51.809971286942705,0.2638905955379452,0.9982803070536148,finance
0.009660019313791124,-1.0764664331572282,0.9983580088051386,0.004906879278520593,finance
0.9763238171232002,23.620341856945288,0.1913899506438888,0.9953323934947376,finance
0.9644186305301711,51.136918761165795,0.25533432049514604,0.9971858088335693,finance
0.945964550544323,5.302073529404584,0.3043755674959128,0.9970831818448053,finance
0.8524055931259602,-11.852202426894104,0.480843597432814,0.9876560809054487,finance
0.9859906758112569,48.413463123734445,0.10992070049582185,0.9982595725554968,finance
1.428687166180609e-4,-0.05221153062113099,0.9774024739715711,-0.3740821829265522,finance
0.9434320582407354,-9.463860842556622,0.3561974149812139,0.9934183578631919,finance
0.9910533234371901,22.106309122722315,0.20548756794540501,0.9893756949198725,finance
0,-0.03793680310359258,0.9675147310115352,-0.3868142845390763,finance
0.004434019726499594,-0.775911176436922,0.9889477725274335,-0.1037544873692863,finance
5.269405161922869e-5,0.24867541942923185,0.9702409299850471,-0.4259152960822059,finance
0.8733137385823871,20.45024007211748,0.3946838767338129,0.9964195180908804,finance
0.9135592676861468,-1.0837533129985375,0.38146209368631623,0.9871848654237502,finance
4.2131356582819635e-5,0.25869477690042003,0.9721304325051151,-0.3828205323103814,finance
0.909350793817844,48.962077367680074,0.33113087412282183,0.9991699377387121,finance
0.9272344486905935,36.34406599735524,0.3440683543838696,0.9971754894601799,finance
9.252370564261092e-6,0.09954754110816935,0.9729982667625715,-0.3877987293418,finance
0.009257694147506101,-0.9872937704050586,0.9983073788837483,0.0032792182580930365,finance
0.9492881963760458,56.96238301869119,0.275735672288195,0.9984186624176046,finance
1.7589732862699492e-5,0.0904648566147456,0.9689920297658375,-0.34845455107466783,finance
0.9920723269077475,32.343610162024795,0.03679192147387319,0.9958188309786221,finance
0.9424884594248122,3.667842632568264,0.33114027904966126,0.9969324304319961,finance
0.009269137721123921,-1.0428438663033939,0.9981499386466199,5.0850632562276e-4,finance
0.9290691181222293,-21.2915304258295,0.33148616679894066,0.996918452732928,finance
2.672658500069147e-7,-0.036904689598685876,0.968138641300823,-0.4631167053173427,finance
0.9510596658575924,20.25412316482482,0.32005838215538074,0.9968327913421494,finance
0.9158970845310792,-6.142674138488676,0.3477477625876413,0.9975439341103761,finance
0.971035177531375,33.80096603269926,0.2356570850762819,0.998050858348524,finance
0.9582795062125913,52.93557124744832,0.25194185625281873,0.9984748505690665,finance
0.9833644691842325,55.276116210154335,0.11770085998526417,0.9989797415399547,finance
0.004625465856034294,-1.6133560555701905,0.9931471948316628,0.07463187744385999,finance
6.812407490786043e-6,-0.0885027435255486,0.9656686905337186,-0.4807640654405018,finance
0.9559240193727503,-17.03794891699373,0.26771551174397246,0.9984498222863825,finance
0.9170878568257483,21.74266455226151,0.32487886349092177,0.9976038450538036,finance
0.9289480006064503,8.435472640752778,0.31406997118127006,0.9975266450132597,finance
0.9605556451961124,56.762713868099304,0.23426558203728465,0.998358596428114,finance
0.9247548438176855,19.63242554694619,0.31459648875423196,0.997331744678784,finance
0.9212341229722504,51.98864184351117,0.3193502497062793,0.9992028037152296,finance
0.9231008595103999,-14.699056483398142,0.39713270394385375,0.9922092036375592,finance
0.9869046760670886,61.16668426551606,0.06601706661149467,0.998869795210787,finance
0.00433006556605986,-1.286413556433286,0.9947529837710845,-0.08617854197070986,finance
0.9174310736231663,-6.907044465857656,0.45018581852700873,0.9880229811317848,finance
0.9795752642890312,61.03888618761043,0.1401713489561744,0.9984961510948438,finance
0.9373049841530892,47.75901879705154,0.30588427842766086,0.9973125753493033,finance
1.6462929568472617e-6,0.040985013502287955,0.9755104271012763,-0.33423294170457796,finance
0.991096676018286,54.36694321032347,0.06315501615018292,0.9992941230374746,finance
0.0019979408466210824,-0.9031438731061973,0.993841697662348,-0.09213412638114299,finance
0.9689268652708105,-9.410842478917445,0.35651436301521555,0.9937545273999209,finance
0.9657650188574929,14.672337999014752,0.38127101572978567,0.994131418494936,finance
1.3802116132100029e-4,0.30216133082240165,0.9764080080052192,-0.36814918615570214,finance
3.888083056432512e-4,-0.6517268433896279,0.9666398503603996,-0.45780251341428463,finance
0.936710139710488,36.86657502135031,0.3039183895839398,0.9982961616383987,finance
1.1742925263291681e-6,-0.0912032567191417,0.9686227828540646,-0.46848687236293013,finance
6.891491243261605e-4,-0.655185458371968,0.9965840038722448,-0.11133217217465999,finance
0.9621846088432109,49.32940874987772,0.24493420369642155,0.9981586307995312,finance
2.9008068184699365e-4,0.36558793166754017,0.9683140887228779,-0.4217258875200357,finance
0.9302839375719558,13.23497717455854,0.2999740631910526,0.9989042399594884,finance
1.930518297770245e-4,0.39437056327450426,0.9730911879050329,-0.3708164118620944,finance
0.8740717740436289,-11.9234596770168,0.39643027727906366,0.9961795688033828,finance
0.889525607713286,43.07182348728093,0.32198379048730147,0.9989943975386105,finance
0.007954499277866067,-1.1116465999026752,0.9986405352932097,0.03389415008059717,finance
0.9544560352938498,-43.18584440985512,0.2368106636848562,0.9991362124191705,finance
9.405793045670352e-4,0.6764464369774503,0.9693538731246438,-0.4266984383842906,finance
0.9704202031617163,20.098961976684343,0.22859960845073626,0.9976539170527113,finance
3.6383765178449323e-7,4.7867867371539235e-4,0.9683145690858632,-0.4612287219182057,finance
5.735014646812697e-5,0.200187962675475,0.97642083166976,-0.3337211203078839,finance
0.9825608212800846,53.602499683328915,0.11193175896198439,0.9987682320145717,finance
0.015936992050095578,-3.059057050406369,0.9924368775790647,0.08625969433462594,finance
0.9855294705937502,20.29159955538782,0.11203754686160046,0.9930023712353802,finance
0.9510179263336417,54.71948486205792,0.2708255889706347,0.9983790921309146,finance
0.9471178910786792,15.805514135751636,0.29487366376538193,0.9980669046842495,finance
6.162720400937349e-5,-0.15310254547054317,0.9689127343784449,-0.37485298385274923,finance
0.9185406586423583,-20.122285773754264,0.34280239886184266,0.9960900754383469,finance
0.9052774185977843,39.13069102151917,0.34089984765868225,0.9967728758390334,finance
0.9984392283178176,38.96452554104894,0.029119605941531998,0.9980008740191076,finance
0.0011324636910833297,0.530887558669809,0.9611272910224722,-0.2719388906727389,finance
0.9764857543433634,56.788376007733035,0.16057142038882258,0.9986108246259094,finance
0.9450919412145499,51.535986017955366,0.28791386272892405,0.9981314725752628,finance
0.004447556029845368,1.3920532137010277,0.977985439397478,-0.28770975960655176,finance
0.9585963235757238,48.249340458307685,0.2746179039122437,0.9990807329818331,finance
5.611622366785696e-7,-0.01767567991074336,0.9683304336998704,-0.46403590796230443,finance
0.8363116504531231,-11.062240534199928,0.5174186381598583,0.984116680197094,finance
5.6828879801074095e-5,-0.09727731063355116,0.9721062014997244,-0.3985979068128646,finance
0.9521970682183948,47.21681392137312,0.2487171313116294,0.9981914529375896,finance
0.9822267181458924,39.904787632763615,0.12420569760444052,0.9982997829325125,finance
5.27894497274195e-5,0.08002536624766075,0.9616972737410816,-0.4209097788281943,finance
0.9788200098451698,14.21943927630534,0.21837808951610668,0.9938004636481406,finance
0.01104530264092296,-0.41023670769273696,0.99861872278475,0.015412941266405184,finance
0.929466597750389,-2.196072465118272,0.2922547475963353,0.9986905166516737,finance
0.9460614193655045,28.643719304062994,0.27858211044732456,0.9988496538690025,finance
0.9576245912408659,7.189557034775794,0.2757263421817013,0.9978622076236436,finance
2.04978996622307e-4,-0.03292291744958189,0.9849593807715903,-0.26924909690507065,finance
0.9796229044669967,21.138632562185983,0.18945403541295838,0.9934387113079459,finance
3.2957436041369803e-6,-0.041910379637501424,0.9639073749993684,-0.4812672723811544,finance
0.9356917857903586,17.846625161325097,0.42147936591801305,0.9882091498883805,finance
0.9816202516724136,47.96397541160391,0.13427206111869078,0.9991666040419095,finance
2.1510366036037176e-5,-0.19729638019345258,0.9749881684487475,-0.37433803634117885,finance
0.010398019422800275,1.2452656327194318,0.9977588152869611,0.13286215673950091,finance
0.9931890142305904,23.283061042279474,0.06535767034763532,0.9949597884845015,finance
0.9290998417058853,-9.88862577252535,0.43233004709109035,0.9889545360117744,finance
1.1198224191355521e-4,0.050088792907993306,0.9809495794521821,-0.3391630456319669,finance
0.9890352827897706,57.057226223122974,0.07806149275765972,0.9986594200867622,finance
0.9038999916598168,-5.9466402129834535,0.36254582052269363,0.9971071454397005,finance
0.00371879984767165,0.028071535117089718,0.9977302341835441,0.08703218297148896,finance
4.803053951230041e-7,0.025563245554904995,0.9671385629605541,-0.473355058724891,finance
0.8926021439319201,43.153718336344326,0.3378103927880236,0.9992123724404041,finance
0.9350746318179508,-16.362776647656748,0.34875380670564304,0.9986390921676274,finance
0.893033616411247,36.25095776859433,0.3779994621844015,0.9973327902877891,finance
2.1751086791588214e-4,0.07297581699565532,0.9825684448594819,-0.30722145779164906,finance
0.9812799124041675,47.50692280500943,0.10974762248219895,0.9989084827525369,finance
0.9660222318797356,57.14338793770696,0.22240334851073837,0.9988856822523583,finance
0.9802911670749067,57.66412375745349,0.1245204350228528,0.9986907788763468,finance
0,0.15621867317839983,0.9758549359457459,-0.38336396064508266,finance
2.3619684127451634e-6,-0.05951976183602361,0.9662369928456215,-0.4636548750336922,finance
0.004787105464942876,0.617302184319521,0.9970715935553106,0.10119610172635761,finance
0.9860537536789207,34.601537484893626,0.1419225259257698,0.9980624798565507,finance
2.4110631213947187e-4,-0.2991456853983041,0.9612148625804459,-0.4486080716057693,finance
7.208048898057484e-4,0.033618091023020255,0.9746482626126465,-0.3686627545787244,finance
0.8620642942915565,4.501095544117467,0.40527039697953,0.9956089102949462,finance
0.9834874163077976,16.760767911214664,0.13841775413966556,0.9955922422338563,finance
0.9572047743823032,48.25779331613687,0.2892674980632409,0.9991869447376039,finance
2.513504428591773e-5,0.012082626017936846,0.9645736865473987,-0.4521171644460646,finance
0.002690198495794216,0.3803765894168845,0.998709365599243,0.044862758205190416,finance
0.9207655710462612,-30.935159243415583,0.3318516666708956,0.9972353883028681,finance
0.9238627884659583,24.93409790809835,0.32826850504135274,0.996962176116025,finance
3.2404252939932654e-5,-0.14118619465132312,0.9801899650646304,-0.33383735182942065,finance
0.985340985081598,21.760233475171614,0.11536968393550409,0.9953748953159446,finance
3.2183721661027676e-6,-0.037513837616053466,0.9745307143709574,-0.377697393829801,finance
0,-0.12373963175645529,0.9787583518778031,-0.35449758299374684,finance
0.9291049630338682,26.31246303287395,0.3366637407826302,0.997928465196334,finance
3.214621310465571e-5,0.07604912087576056,0.9657165404889932,-0.3818948250805959,finance
0.0060238280758038165,-1.14734580226516,0.9991451213626568,0.07254778523194338,finance
0,-0.13309860355366143,0.9636778418930224,-0.45027489608810506,finance
0.9748831795719886,22.47563053011195,0.20921447404418567,0.9947221187801583,finance
0.9795212243762706,45.41778434621506,0.15123629808923936,0.9987557369198858,finance
1.4443952655818215e-5,-0.009138887060581448,0.9711768430018437,-0.41978154328039397,finance
3.0784068501099604e-5,-0.3016173475870787,0.9740949745668679,-0.35097776818147763,finance
0.9433584308469728,20.737277202416454,0.21787371198626673,0.9644583983304809,finance
0.9462166188319154,33.863461625845176,0.2742955575820343,0.9985183423665311,finance
0.9242726697629869,20.478451564626752,0.3451163172805895,0.9975037745412776,finance
0.9520761070892353,-21.4485761130547,0.2759042210484212,0.9990332892595079,finance
0.9353890623924361,50.47838592816201,0.31458420552762567,0.9980907580024714,finance
5.237208971353713e-5,0.224317565735387,0.962033476844124,-0.47247608304074395,finance
0.0020652845625804828,-1.2517118841386792,0.9948827459957578,-0.03317598933820828,finance
0.9226614036593443,48.12179100624644,0.33520724311464156,0.9975897883448502,finance
7.297864773347928e-5,0.10159769915985518,0.9481791169435904,-0.5170850345466707,finance
6.846299603345818e-4,0.7089039849743884,0.969964764302696,-0.3905498902258339,finance
0.9163127532009392,17.76701010973068,0.34198816279184213,0.9975117104703529,finance
0.9740858172867735,55.46624801845189,0.13781154631951137,0.9984108913217881,finance
0.9826214422651124,48.8871111869639,0.12364346468313415,0.9993487029383537,finance
0.9544900475586603,-16.14261060282619,0.24406509079951433,0.9986872431604013,finance
1.6492980090765386e-5,-0.0747350262254889,0.9557872164322111,-0.41795131964273236,finance
0.9865007521395479,41.102582310488536,0.08973282286236477,0.9989353275060018,finance
0.9709470138850519,37.355788215631584,0.2499160376379023,0.9960516551578652,finance
1.8044054023380607e-4,0.527430011608164,0.96300815729004,-0.4414339212688949,finance
0.9647124284985807,-38.06959030624113,0.23229038136158245,0.9995287307474745,finance
0.0010107298494738126,-1.145307420868131,0.9990217217411589,-0.021056181526535222,finance
0.9750344968386209,60.58503764420936,0.1814572535050124,0.9989684741561986,finance
1.4313159244161433e-5,-0.060716067843861944,0.9710215782151008,-0.35618740159887746,finance
0.9927207392379427,21.739426535235417,0.13411839319493923,0.9956088714759166,finance
0.9440700180323225,30.47231921830479,0.28558157009704865,0.9981656464225012,finance
0.9575902426313309,45.59739490060749,0.2861640671859011,0.9978663816225887,finance
0.0010993632066861325,-0.851994923331399,0.9987978749413723,-0.05344043931929922,finance
0.9989232260844345,-14.462911508502687,0.307239015435186,0.9815133693200067,finance
0.9725877149243922,58.007165955851484,0.18592382427040718,0.9984363673543305,finance
8.155325702585703e-5,0.20313573243281324,0.9802087603844462,-0.32786009918905995,finance
1.0671780572568679e-6,-0.004797365729313374,0.9731124714774293,-0.4101703676481237,finance
0.9838095365758343,50.03363564215943,0.11267780105882384,0.9981640305117979,finance
0.9491896257402053,35.9906839457906,0.26178032272216917,0.99860384745201,finance
0.9797343322210544,61.445662153467424,0.16014079799882716,0.9987579404470425,finance
0.9606416612874357,19.22538109841859,0.24899766297734932,0.9986563030792723,finance
0.9616571710997369,-46.26716795862035,0.2506915414789623,0.9986641355911422,finance
0.9526927134998273,46.456615459878506,0.3148299346125446,0.9980747346481442,finance
1.7134784675576498e-6,0.053697828093656336,0.9641133286995675,-0.49173092130753876,finance
0.9716870827582235,57.740170838795414,0.1953395365254551,0.9990611956677088,finance
0.0014296177637891372,-0.16789190442367932,0.9988235835656133,0.010619139166581136,finance
7.333912706242174e-6,-0.18384023964168655,0.983727876173779,-0.2792088488237313,finance
0.9574215416935796,41.8148595360345,0.2508570542795075,0.9981779937406927,finance
0.9679127727695919,-17.311615847658878,0.12755867759114026,0.9879618305590945,finance
1.4635030982046437e-4,0.034006509985331106,0.9614292566803817,-0.4268603462397309,finance
0.9393854108912285,40.893155553821806,0.32639393047722476,0.997575731047261,finance
1.3965636519230884e-4,0.33902118390809255,0.9686569575306699,-0.4371005958298894,finance
0.9497097029116522,48.47053794383151,0.30302025041709557,0.9985000671175185,finance
0.9171035041147343,12.421229196798008,0.36069568429636073,0.9974854365398668,finance
0.9569036158449098,15.465796117699908,0.31386152596459077,0.9937511244143729,finance
0.9178947739645611,38.38149308529134,0.33753606087595117,0.9976792538192271,finance
0.9767413082246678,23.615848831337104,0.19616977297264565,0.993448057854231,finance
2.3078422428435275e-5,0.10561736896934258,0.9690091280261138,-0.4260124270035517,finance
0.8985209501927074,1.3089623020363808,0.41059461550740783,0.9918074105497744,finance
0.005995992099518399,-0.4005207821031625,0.9971589645128973,0.04833444212798806,finance
6.69910748629654e-5,-0.2818838446946487,0.9706141940415545,-0.43102354418437056,finance
0.8822072362394957,1.1503877860844018,0.3755705307951059,0.9968055025362075,finance
4.672180839460083e-5,-0.11147146412284882,0.9755693681481722,-0.40072526200127473,finance
1.2015504575979552e-4,-0.4063369124316248,0.9653683627933218,-0.4671874484576237,finance
0.9017188044193535,19.4475520304662,0.4554166157230368,0.9713453107261962,finance
0.00260566886837299,-0.6837308364550659,0.9764014067471349,-0.3521343115229935,finance
5.6735379498018546e-5,0.2481894676425792,0.9640661274157086,-0.46442089494754635,finance
0.9801655780135785,57.8146021159519,0.16470477750461726,0.9991156562089064,finance
0.0036048035337817863,0.002491437695827452,0.996360340585164,-0.03889677392756247,finance
0.9928865977577566,42.632079769154636,0.11031474292530961,0.9989588181749812,finance
8.568586199600992e-4,0.2003618649523803,0.9669749173731,-0.3872909167302821,finance
0.9587481127604901,25.32176456321631,0.2975144240865751,0.995593380652843,finance
2.2993755104172564e-5,0.03538959889348231,0.9652369203145422,-0.4476121426033083,finance
0.975754551358454,45.76367204977261,0.21308934226582021,0.9983071343281319,finance
0.961355011659436,18.57017738563435,0.28598077774972047,0.997184132861776,finance
2.588383753177048e-5,-0.021353388139744675,0.983951850661016,-0.3056714170207978,finance
0.003329327702588092,0.021105066619598552,0.9964744747854217,-0.04213106343013734,finance
0.9413087121489289,53.20521932381778,0.28109929055352856,0.9977830319933686,finance
6.487463113558078e-5,-0.2466574156632703,0.9649690212516386,-0.4730717831649291,finance
1.6456483600746363e-4,0.38403229581757486,0.9740732536694853,-0.39902827043296807,finance
0.9809925590752612,33.91032272246441,0.14940926212915007,0.9985246105017075,finance
0.8650106057822706,-15.163702367958907,0.403448063581242,0.9961317631272744,finance
0.9161051232639206,-19.021575992653272,0.42165571861351536,0.9907222681309735,finance
0.957466082622378,44.062471222101266,0.24852587150567895,0.9990287740150646,finance
0.9866908592169742,61.84195547210772,0.08957699991223006,0.9989462661117149,finance
0.958647462998118,35.257940686594644,0.26645760969700516,0.9971129809960467,finance
7.891412732696779e-5,-0.06579758464296609,0.9804921631885924,-0.321544535088618,finance
